"Source:","C:\Users\julip\Documents\GitHub\Comunicaciones\SE\SE.kicad_sch"
"Date:","29/10/2022 9:45:50 p.Â m."
"Tool:","Eeschema (6.0.8)"
"Generator:","C:\Program Files\KiCad\6.0\bin\scripting\plugins/bom_csv_grouped_by_value_with_fp.py"
"Component Count:","12"
"Ref","Qnty","Value","Cmp name","Footprint","Description","Vendor"
"BZ1, ","1","Buzzer","Buzzer","LIB:Buzzer_12x9.5RM7.6","Buzzer, polarized",""
"D1, D4, ","2","LED","LED","LED_THT:LED_D3.0mm","Light emitting diode",""
"D5, ","1","1N4148W","1N4148W","Diode_SMD:D_SOD-123","75V 0.15A Fast Switching Diode, SOD-123",""
"J1, ","1","RJ45","RJ45","Connector_RJ:RJ45_Amphenol_54602-x08_Horizontal","RJ connector, 8P8C (8 positions 8 connected)",""
"J2, ","1","Conn_01x04_Female","Conn_01x04_Female","Connector_PinSocket_2.54mm:PinSocket_1x04_P2.54mm_Vertical","Generic connector, single row, 01x04, script generated (kicad-library-utils/schlib/autogen/connector/)",""
"J3, ","1","Conn_01x03_Female","Conn_01x03_Female","Connector_PinSocket_2.54mm:PinSocket_1x03_P2.54mm_Horizontal","Generic connector, single row, 01x03, script generated (kicad-library-utils/schlib/autogen/connector/)",""
"Q4, ","1","BC548","BC548","Package_TO_SOT_THT:TO-92_Inline","0.1A Ic, 30V Vce, Small Signal NPN Transistor, TO-92",""
"R1, ","1","R","R","Resistor_SMD:R_0603_1608Metric_Pad0.98x0.95mm_HandSolder","Resistor",""
"R14, ","1","1.2k","R","Resistor_SMD:R_0603_1608Metric_Pad0.98x0.95mm_HandSolder","Resistor",""
"R18, ","1","1.8k","R","Resistor_SMD:R_0603_1608Metric_Pad0.98x0.95mm_HandSolder","Resistor",""
"R19, ","1","100k","R","Resistor_SMD:R_0603_1608Metric_Pad0.98x0.95mm_HandSolder","Resistor",""
